"","X1","X2","distances"
"558",13971496.6007533,-3596269.26472392,1312594.33563637
"665",16712492.9328,-3632617.3477,1483272.31812434
"815",16457691.6398059,-4414471.74983039,1316352.96075828
"826",13412492.9328,-2666317.15395,2207518.43744701
"1415",16012492.9328,-2108372.58065,1935323.79082712
"1596",13012492.9328,-2847792.8487,2468567.07293706
"2229",16612492.9328,-2937617.42485,1659966.56241048
"2459",16664631.4001667,-4166859.44903333,1440609.15980757
"2640",13312492.9328,-3632617.3477,1955541.94107582
"2835",14612492.9328,-2013585.1064,1980027.56352024
"2971",15712492.9328,-3632617.3477,527027.3267332
"3234",14612492.9328,-2937617.42485,1144906.57048514
"3288",15212492.9328,-2108372.58065,1779777.23383269
"3321",13632785.0971681,-1922468.49202319,2545958.392362
"3846",13312492.9328,-2296477.34305,2508213.82644902
"3936",12812492.9328,-2574695.0043,2769827.63528286
"4035",16500706.1716936,-2231159.36152742,2074890.54524458
"4276",16412492.9328,-3290516.78655,1305746.38258982
"4587",14512492.9328,-3026814.8206,1134477.36096459
"4603",15812492.9328,-3881724.4436,561201.576701127
"4705",14819284.1336985,-3530831.02969371,560385.680577901
"5021",13212492.9328,-3203276.62205,2150651.31028338
"5223",14112492.9328,-2574695.0043,1738098.32453293
"5371",13012492.9328,-3115372.02545,2368310.15829374
"6558",15712492.9328,-3115372.02545,899560.012267872
"6642",14712492.9328,-2202676.04035,1769104.93256559
"6679",15712492.9328,-2666317.15395,1305571.62761237
"6717",13651927.5344435,-1863755.04285319,2579636.876258
"6946",16112492.9328,-4124193.2187,893045.096545539
"7662",13512492.9328,-3377081.28795,1812260.95266604
"7882",16812492.9328,-3377081.28795,1642561.52101111
"8056",15173602.4262882,-3771965.83312104,139431.032614984
"8167",14312492.9328,-2847792.8487,1401022.5016596
"8850",15712492.9328,-2389758.88315,1567349.12586876
"9494",13811949.5393259,-1835903.90904619,2506346.31296541
"9763",13912492.9328,-2937617.42485,1641698.44323699
"9834",15412492.9328,-2108372.58065,1786637.84673537
"10606",15412492.9328,-3026814.8206,875867.542766902
"10640",16112492.9328,-2847792.8487,1350212.64622253
"10846",16412492.9328,-2389758.88315,1895315.42466547
"11906",14012492.9328,-2937617.42485,1561219.93171552
"12270",15268119.0592581,-1771152.09777907,2116640.70929995
"12454",15012492.9328,-1435776.1316,2463554.14037021
"12532",16312492.9328,-3462959.48605,1143025.54974974
"12729",16467693.4572175,-4714855.36876058,1470951.63361993
"12879",15612492.9328,-2013585.1064,1908624.66684529
"13377",16112492.9328,-2482503.6033,1648109.01903928
"13544",14812492.9328,-2937617.42485,1046555.7072885
"13959",16812492.9328,-3632617.3477,1581875.67980957
"14407",14612492.9328,-2296477.34305,1714694.50799772
"14960",15312492.9328,-2757354.6945,1132025.34268186
"15052",15499379.8264729,-1933479.17030529,1969927.23185274
"15301",14312492.9328,-2296477.34305,1847559.35379095
"16199",14412492.9328,-2757354.6945,1407613.69222618
"16293",13412492.9328,-2847792.8487,2112524.31470627
"16574",14312492.9328,-3203276.62205,1161840.74712202
"16806",16408175.5986833,-4731540.45594442,1431897.14909765
"16915",16412492.9328,-3203276.62205,1347881.95013988
"17346",13212492.9328,-2574695.0043,2425052.72433669
"17484",13012492.9328,-2937617.42485,2432091.42685785
"17641",13012492.9328,-3799416.93585,2240571.49031701
"17670",16312492.9328,-4203511.25305,1107158.92782698
"17703",15112492.9328,-3377081.28795,529180.599703603
"17793",14712492.9328,-2108372.58065,1859149.67626975
"17975",15012492.9328,-3548141.3286,415160.065115101
"18196",16812492.9328,-3115372.02545,1741775.26647981
"18385",14512492.9328,-1726507.8001,2284017.37543651
"18663",15013151.8108027,-3631837.91737094,349577.640732123
"18892",13812492.9328,-2013585.1064,2362760.66901148
"19191",16012492.9328,-2757354.6945,1362761.407249
"19471",13312492.9328,-2757354.6945,2244282.38938267
"19707",14312492.9328,-2202676.04035,1928936.66972033
"19736",12912492.9328,-2847792.8487,2559607.29349836
"19823",13612492.9328,-2847792.8487,1940934.51036949
"19998",15812492.9328,-3963293.9918,566234.655241254
"19999",12812492.9328,-3026814.8206,2586322.22264309
"20124",15212492.9328,-3462959.48605,426537.857793731
"20241",16812492.9328,-3462959.48605,1617923.63561322
"20392",15212492.9328,-1918332.28425,1969776.65816638
"20753",14112492.9328,-3026814.8206,1427621.55205958
"21191",12632295.9597385,-2927227.38711703,2789599.05766236
"21344",13912492.9328,-2757354.6945,1752200.56593057
"21461",16312492.9328,-2937617.42485,1424355.04644865
"21605",15512492.9328,-3799416.93585,275695.51990802
"21716",15717614.2504876,-4196308.06357798,559151.049920122
"21864",13312492.9328,-2847792.8487,2200119.33393762
"22030",13411521.5899647,-3714637.60327566,1847926.00880462
"23175",17077748.3606682,-3192902.56197431,1954125.84069175
"23406",14712492.9328,-1629975.9613,2321157.97113182
"23747",15112492.9328,-3115372.02545,784732.333803785
"24116",14012492.9328,-1918332.28425,2326631.32514557
"24252",14412492.9328,-2666317.15395,1481714.08114348
"24392",16512492.9328,-3548141.3286,1306088.17832181
"24513",15412492.9328,-3548141.3286,375890.231720026
"24524",15712492.9328,-4044118.9467,486966.110916161
"24595",15012492.9328,-3290516.78655,643194.420389234
"24623",16112492.9328,-3290516.78655,1047984.69724958
"25186",15312492.9328,-1918332.28425,1970343.619706
"25321",16512492.9328,-2389758.88315,1958176.30861827
"25467",16372743.8206197,-4252258.6881647,1179180.90475691
"25523",14719169.0448069,-1252788.61899259,2688137.68320505
"25550",15712492.9328,-4124193.2187,518260.51154595
"25674",14009287.0909955,-3542953.65032321,1289000.54523769
"26073",16612492.9328,-3716378.65495,1371911.92606869
"26237",14912492.9328,-1822633.2914,2092705.11848646
"26243",13012492.9328,-2666317.15395,2550333.71640504
"26378",14912492.9328,-2389758.88315,1535809.9195829
"26499",17687735.8707166,-6054305.19435498,3260394.17226359
"26720",14712492.9328,-3290516.78655,804361.468770554
"26767",13412492.9328,-3377081.28795,1908417.10951747
"27200",14444612.7151441,-1551064.27780313,2471997.37127309
"27221",15421264.2262906,-3794485.19972452,193839.485144168
"27430",16912492.9328,-3548141.3286,1695524.08304575
"27472",16812492.9328,-2847792.8487,1875822.8772015
"27519",15312492.9328,-3115372.02545,774772.630540867
"27558",16712492.9328,-3115372.02545,1652739.2965201
"27565",12912492.9328,-3115372.02545,2463058.89276287
"27718",16412492.9328,-2847792.8487,1558773.8386297
"27748",15998715.0394399,-4265321.83862729,837360.542589191
"27997",14612492.9328,-2108372.58065,1890556.4318779
"28106",13012492.9328,-3462959.48605,2278769.14531341
"28111",15012492.9328,-3203276.62205,724921.511810984
"28204",14812492.9328,-3290516.78655,741101.389218617
"28309",13012492.9328,-3548141.3286,2264438.10833628
"28366",12913560.5490677,-3462134.69270453,2376186.75265967
"28397",16012492.9328,-3963293.9918,764911.418475541
"28425",15012492.9328,-1918332.28425,1983822.64573702
"28436",16512492.9328,-3881724.4436,1261183.76389213
"28616",15512492.9328,-3203276.62205,732584.931309349
"28718",16712492.9328,-2757354.6945,1847364.59035582
"28810",13412492.9328,-3290516.78655,1933379.60987366
"28911",14712492.9328,-3115372.02545,941737.356740709
"28969",15347904.328347,-3726354.15340218,188065.928962616
"28997",13312382.5539818,-3716279.9803189,1946505.99588317
"29261",14012492.9328,-2013585.1064,2246576.45593148
"29417",16612492.9328,-3963293.9918,1363265.51268214
"29453",15812492.9328,-3632617.3477,616434.66789481
"29581",15012492.9328,-2013585.1064,1889297.41939591
"29768",15412748.4252449,-3632453.36694934,302030.174577411
"29954",14212492.9328,-3290516.78655,1198260.35949935
"30315",15512492.9328,-3632617.3477,365089.043666697
"30903",16312492.9328,-4663292.26855,1314375.68706867
"30991",16612492.9328,-3548141.3286,1402889.95513227
"31158",14912492.9328,-2482503.6033,1445495.27108535
"31163",13812492.9328,-3548141.3286,1478360.95719479
"31169",15516836.9142539,-1832264.56810229,2072539.45523341
"31181",14812492.9328,-1726507.8001,2205320.17205507
"31189",17003572.3676537,-2938450.67141371,1992862.32385175
"31303",15812492.9328,-3115372.02545,954694.774433387
"31634",16712492.9328,-3548141.3286,1500111.37015558
"31775",13855294.2715887,-1737264.55687537,2563860.87992732
"31865",16012492.9328,-3377081.28795,916589.972143504
"31880",14712492.9328,-3377081.28795,742358.754556382
"31953",15536571.0491979,-3955770.98401744,293251.24033144
"32056",15212492.9328,-2847792.8487,1040658.02264139
"32085",15112492.9328,-3290516.78655,613133.720389675
"32278",14912492.9328,-3462959.48605,543353.341900227
"32317",12652007.3133708,-2737803.43930138,2842317.12873062
"32388",14812492.9328,-2666317.15395,1297849.06861123
"32446",14612492.9328,-3290516.78655,874507.561879073
"32586",15912492.9328,-1629975.9613,2352569.03976425
"32639",12725614.3601444,-3022540.07849362,2669785.26769631
"32730",13313421.9901829,-2230404.72139392,2549936.55751649
"32762",13812492.9328,-3462959.48605,1500219.98083771
"32846",13288474.3887514,-3781377.42140768,1965727.98002539
"32891",14912492.9328,-2202676.04035,1718778.65234183
"32900",15184647.8837316,-1419217.40369188,2469409.07028388
"32948",16217896.342549,-4660167.44853958,1237307.0304556
"33038",14722589.3007665,-3521644.10619683,643098.652529743
"33148",14112492.9328,-2296477.34305,1956785.06036364
"33497",12836129.3179897,-3373345.9517069,2469362.20531545
"33598",13712492.9328,-3115372.02545,1721781.13664036
"33636",16112492.9328,-3881724.4436,861190.396874554
"33731",14112492.9328,-2202676.04035,2033796.66694428
"33936",13512492.9328,-3115372.02545,1902646.18076313
"33959",16312492.9328,-3377081.28795,1177641.2301763
"33998",15161298.9393516,-1287909.24933914,2601375.10350941
"34051",15556141.2315273,-4016628.93136091,330952.870259532
"34179",13812492.9328,-3115372.02545,1633023.01856086
"34202",12912492.9328,-3377081.28795,2393926.97896235
"34433",13512492.9328,-2757354.6945,2073950.63504686
"34496",14313115.778488,-1727144.83132081,2355492.59211167
"34527",16405560.0210381,-4197128.05962181,1194986.02203926
"34863",13412492.9328,-2296477.34305,2431742.27578686
"34873",16412492.9328,-3881724.4436,1161184.99372239
"34874",12696037.8439216,-2425518.35720739,2944067.96992131
"35034",13212492.9328,-2666317.15395,2376693.05093241
"35216",13781347.0835706,-3701622.63471485,1481710.17474684
"35457",14412461.3781472,-1726573.05800147,2318247.68839567
"35492",15612492.9328,-3548141.3286,495743.13875294
"35636",15512492.9328,-3462959.48605,498634.369160797
"35641",15912492.9328,-2847792.8487,1232317.49021961
"35728",16312492.9328,-4124193.2187,1087197.0096455
"35751",14012492.9328,-2666317.15395,1739695.67212853
"35938",15612492.9328,-3115372.02545,852627.890121087
"35977",14012492.9328,-3462959.48605,1309628.87270508
"35996",16712492.9328,-2574695.0043,1964450.83900799
"36099",14112492.9328,-2937617.42485,1483118.86639098
"36103",12812492.9328,-2757354.6945,2688053.93547042
"36280",16412492.9328,-3115372.02545,1394577.17329829
"36315",13112492.9328,-2847792.8487,2378246.68406119
"36479",14712492.9328,-2847792.8487,1171238.50551145
"36541",12938917.9909933,-3851506.1146751,2312689.10511177
"36621",13412492.9328,-3462959.48605,1887253.13730526
"36641",16612492.9328,-2666317.15395,1828830.86827562
"36725",16313288.6021107,-4590944.56968814,1273689.95605364
"36900",13312492.9328,-3026814.8206,2121375.05468333
"36957",14712492.9328,-3026814.8206,1015631.1711735
"36974",16683574.2451396,-4039949.52659063,1440317.42756092
"37072",13109598.3539538,-3860283.45377647,2141900.90516394
"37088",15312492.9328,-2202676.04035,1686160.02869898
"37132",14012492.9328,-3203276.62205,1415334.67126893
"37232",13012492.9328,-3716378.65495,2245377.93103168
"37250",17066170.4532233,-3267480.2242502,1917908.93400004
"37287",13172966.4145444,-3850062.41742619,2078698.27607719
"37337",14112492.9328,-3377081.28795,1248075.77514839
"37419",13112492.9328,-3026814.8206,2305594.1380292
"37455",16612492.9328,-4044118.9467,1370124.46993409
"37523",16412492.9328,-3963293.9918,1163625.82678042
"37706",14212492.9328,-2757354.6945,1535222.62659998
"37735",15912492.9328,-4044118.9467,679414.296654766
"37789",13112492.9328,-3115372.02545,2274011.19226277
"37850",15912492.9328,-3462959.48605,785857.379391796
"37869",16312492.9328,-3716378.65495,1074914.24909729
"38082",14312492.9328,-3026814.8206,1273801.82494103
"38113",13112492.9328,-3716378.65495,2145683.09631761
"38185",14812492.9328,-3026814.8206,966302.526395482
"38202",15312492.9328,-2847792.8487,1041730.77939885
"38272",16412492.9328,-3377081.28795,1268492.31912148
"38276",16112492.9328,-2389758.88315,1727865.40824155
"38365",15412492.9328,-3115372.02545,788990.827382838
"38416",14312492.9328,-3462959.48605,1030451.10228477
"38684",13512492.9328,-2666317.15395,2124940.36347553
"38686",13212492.9328,-2847792.8487,2288731.3487841
"38763",15312492.9328,-2389758.88315,1499215.69352959
"38766",16263079.3568333,-1955604.56646667,2180996.08062807
"38789",12830214.2314984,-3738158.4719622,2425724.70440668
"38906",13912492.9328,-3377081.28795,1432908.0037442
"38915",16412492.9328,-3026814.8206,1445504.38223581
"38939",14207981.9793836,-1633302.15638295,2484147.55052611
"38947",16312492.9328,-3290516.78655,1217678.00299889
"38986",15812492.9328,-3462959.48605,703802.475191375
"38996",13212492.9328,-3115372.02545,2180220.3556511
"39011",14512843.0070527,-3458372.22182159,854223.727136504
"39111",15712492.9328,-3799416.93585,469548.520405966
"39172",14912492.9328,-1435776.1316,2475250.51376142
"39282",15012492.9328,-2202676.04035,1701891.2868938
"39284",16612492.9328,-2757354.6945,1769328.13040473
"39312",13612492.9328,-2108372.58065,2419062.76386631
"39355",16412492.9328,-4663292.26855,1396358.60129706
"39370",16709933.6306476,-2501253.52130628,2012423.92747064
"39375",15412492.9328,-2482503.6033,1414434.89140551
"39379",14312492.9328,-2013585.1064,2096141.0883628
"39390",13012492.9328,-3632617.3477,2253318.12963227
"39507",14512492.9328,-3203276.62205,1007145.32962781
"39527",15312492.9328,-2666317.15395,1222939.77292025
"39541",15305922.0333098,-3627185.35127508,266200.15618332
"39592",13012492.9328,-2574695.0043,2595460.05989203
"39604",13512492.9328,-2482503.6033,2235661.42908616
"39607",14212492.9328,-2108372.58065,2060404.82320313
"39611",13412492.9328,-2482503.6033,2314292.14422996
"39653",12912492.9328,-2574695.0043,2682196.67918587
"39654",14412492.9328,-2574695.0043,1558103.80774879
"39672",14512492.9328,-2202676.04035,1839908.82086853
"39740",14012492.9328,-1822633.2914,2408175.58392408
"39760",15415346.2127018,-3934577.22241556,170582.789387902
"39768",15976019.2512232,-1539807.90685798,2457214.71825503
"39851",16912492.9328,-3115372.02545,1831942.95096214
"39858",16012492.9328,-3203276.62205,1023645.52696562
"39861",15412492.9328,-3462959.48605,454315.240168481
"39872",13212492.9328,-2389758.88315,2529967.56222003
"39890",16888509.0901595,-2688199.11225345,2029591.58016658
"39904",16112492.9328,-4044118.9467,875255.151265603
"39929",16212492.9328,-2666317.15395,1554247.97188917
"39972",16354555.0737168,-4546477.23809245,1284940.84978446
"40038",16787875.5748924,-3792309.23797292,1539511.87874452
"40092",16812492.9328,-3026814.8206,1782811.96588398
"40104",13814106.1325094,-1919952.00438399,2436745.53040319
"40119",14513416.449772,-1534081.97945205,2466606.5174913
"40120",16112492.9328,-2937617.42485,1282310.22183622
"40133",15712492.9328,-3026814.8206,976650.214994935
"40137",15612492.9328,-2296477.34305,1631721.85814493
"40149",15837171.9005661,-4246610.23419484,687034.336643385
"40177",15912492.9328,-2013585.1064,1987347.43033708
"40224",14613773.0159083,-3457176.60702433,769313.642708897
"40231",16212492.9328,-3290516.78655,1131594.37181718
"40286",14612492.9328,-2757354.6945,1298400.59298381
"40324",15112492.9328,-2013585.1064,1879276.09349853
"40453",15754073.4208609,-4247186.14044089,618036.410441998
"40519",13612492.9328,-2757354.6945,1990855.37728643
"40572",16012492.9328,-4044118.9467,777069.934534808
"40591",14014869.5156489,-1636485.6691582,2568443.52079625
"40604",15612492.9328,-3290516.78655,697927.247192774
"40618",16610430.5419784,-2484095.86148791,1953804.01512158
"40648",14912492.9328,-1629975.9613,2283033.53463475
"40682",16909969.5079703,-2759789.93899038,2005828.22959856
"40723",15312492.9328,-3462959.48605,429148.506685395
"40731",14712492.9328,-3462959.48605,686123.211118866
"40737",16512492.9328,-2757354.6945,1693602.11867559
"40768",14438183.6635643,-1604586.7908851,2423617.48884489
"40778",16711129.3784102,-3880780.3649241,1459822.45299355
"40893",15812492.9328,-2108372.58065,1865746.6017719
"40905",13512492.9328,-3632617.3477,1757444.75777325
"40952",16612492.9328,-3290516.78655,1486418.98836246
"40966",16612492.9328,-3203276.62205,1523566.06185323
"40967",15312492.9328,-2013585.1064,1875139.04255476
"40984",16508615.0098029,-4177218.00951092,1290188.97577474
"41069",15412492.9328,-3716378.65495,235235.144017726
"41116",16412492.9328,-4588599.63195,1356295.7567362
"41126",13212492.9328,-3026814.8206,2213142.16126612
"41160",14312492.9328,-2666317.15395,1540533.25884248
"41194",14112528.3435095,-3540618.81954239,1190519.97279196
"41229",13512492.9328,-3026814.8206,1940283.46278341
"41271",16712492.9328,-3377081.28795,1547828.94844595
"41299",15312492.9328,-2937617.42485,952075.801474514
"41380",16112492.9328,-2202676.04035,1892354.83344284
"41420",15712492.9328,-3290516.78655,754543.795304901
"41448",15912492.9328,-4203511.25305,732710.928559714
"41508",15753639.428203,-1739692.87456271,2205984.67294595
"41527",16512492.9328,-3716378.65495,1272756.23598177
"41581",12829234.745471,-3290718.35442497,2494580.53008835
"41631",13512789.8042337,-3710673.1733752,1747525.965205
"41658",15812492.9328,-3290516.78655,819493.88996634
"41704",12812492.9328,-3115372.02545,2558207.42172312
"41798",14812492.9328,-3462959.48605,610736.405902831
"41861",13512492.9328,-3203276.62205,1868690.11566946
"41966",16312492.9328,-3799416.93585,1064837.63690512
"41981",13712492.9328,-3548141.3286,1575854.4422309
"42008",15912153.1753036,-1435993.55039191,2539229.95425109
"42024",16212492.9328,-3799416.93585,965217.745542754
"42038",15512492.9328,-2202676.04035,1705169.6208003
"42060",14537592.2535893,-1267915.18493203,2715294.05649719
"42063",16612492.9328,-4124193.2187,1381556.7406948
"42104",15112492.9328,-3548141.3286,366867.518765855
"42116",15812492.9328,-3203276.62205,885088.906019415
"42183",13712492.9328,-2847792.8487,1857272.37372505
"42206",13712492.9328,-3203276.62205,1684182.45499673
"42213",14183766.9147883,-1564437.83705057,2556823.34725337
"42279",16812492.9328,-3548141.3286,1597675.81803353
"42318",16212492.9328,-2757354.6945,1483774.39201698
"42424",13712492.9328,-3026814.8206,1763283.21867727
"42442",15812533.9995024,-1726546.51567333,2232857.98388356
"42466",13612492.9328,-2574695.0043,2099956.26203237
"42471",14412492.9328,-2847792.8487,1336075.57676038
"42497",15412492.9328,-1918332.28425,1975977.70138612
"42503",15712492.9328,-2757354.6945,1220826.34437095
"42526",12912492.9328,-3026814.8206,2492247.28628532
"42569",16212492.9328,-3026814.8206,1290354.65115016
"42592",14212492.9328,-3026814.8206,1349198.72241418
"42653",13612492.9328,-3632617.3477,1658567.44610634
"42672",16112492.9328,-3462959.48605,960228.938359297
"42777",16223403.7185759,-4733109.97890794,1288260.00297089
"42793",15812492.9328,-3026814.8206,1027657.30625958
"42795",13712492.9328,-2757354.6945,1909381.84497741
"42813",14412492.9328,-2013585.1064,2053300.11420197
"42825",14612492.9328,-3377081.28795,817840.218996024
"42836",16512492.9328,-2666317.15395,1755673.2179135
"42847",16212492.9328,-2847792.8487,1416089.01085994
"42895",14012492.9328,-2847792.8487,1617455.52030942
"42902",15712492.9328,-3462959.48605,626980.085350772
"42917",16412492.9328,-2757354.6945,1620510.48738458
"42925",16484598.6321724,-4534909.56723926,1392772.06566526
"42971",16512492.9328,-4044118.9467,1270829.32231403
"42999",15212492.9328,-2482503.6033,1405758.96536613
"43004",14412492.9328,-2108372.58065,1967164.41326006
"43007",16012492.9328,-2666317.15395,1439173.0142007
"43016",13712492.9328,-2666317.15395,1964647.38353873
"43020",14412492.9328,-3026814.8206,1202000.41010065
"43097",15912492.9328,-3716378.65495,683011.75412744
"43113",14812492.9328,-2482503.6033,1472149.00131443
"43122",13912492.9328,-2296477.34305,2079552.83153477
"43126",16469015.5886722,-4780468.88183317,1509888.63720867
"43139",15212492.9328,-2296477.34305,1591722.53728839
"43154",13912492.9328,-2666317.15395,1812265.74623141
"43186",16712492.9328,-3462959.48605,1521657.9753732
"43196",13212492.9328,-2482503.6033,2476182.6135256
"43212",15912492.9328,-3799416.93585,667040.933026989
"43226",14112492.9328,-2013585.1064,2193020.67227026
"43231",16012492.9328,-1918332.28425,2111371.88963229
"43237",13512492.9328,-2296477.34305,2357032.96381449
"43253",14712492.9328,-2013585.1064,1950062.31925006
"43277",15512492.9328,-2389758.88315,1520564.20089501
"43278",13612492.9328,-3377081.28795,1716544.10290475
"43282",15007049.1115547,-1362905.88401535,2536609.4347767
"43286",16112492.9328,-1918332.28425,2149447.63904322
"43294",16612492.9328,-3115372.02545,1565028.20600868
"43304",15512492.9328,-3377081.28795,573557.053603934
"43344",15012492.9328,-2574695.0043,1334575.15924564
"43391",15512492.9328,-2296477.34305,1612539.092763
"43414",14512492.9328,-1822633.2914,2193280.44862103
"43432",15037818.8024468,-3708502.46153249,278756.832563808
"43439",14012492.9328,-2757354.6945,1677033.30912253
"43509",16212492.9328,-2482503.6033,1702497.35250826
"43515",16312492.9328,-3203276.62205,1262755.65920484
"43518",16712492.9328,-3203276.62205,1613532.59697163
"43527",15012492.9328,-2666317.15395,1244540.07497273
"43575",16412492.9328,-3548141.3286,1209806.77502357
"43576",15012492.9328,-3377081.28795,563735.940351176
"43584",13917295.9298087,-1730622.89791738,2536281.51951456
"43586",13012492.9328,-2482503.6033,2643295.77274439
"43588",15312492.9328,-2574695.0043,1314455.22770943
"43591",15612492.9328,-2202676.04035,1723321.59864585
"43604",16312492.9328,-3548141.3286,1114180.65691067
"43615",15912492.9328,-3115372.02545,1016698.58315503
"43632",16012492.9328,-3716378.65495,780217.247268529
"43647",13712492.9328,-3632617.3477,1559833.28273978
"43679",14812492.9328,-2847792.8487,1128730.93935257
"43714",14212492.9328,-2013585.1064,2142795.73587025
"43719",16154719.8764159,-4632870.91407015,1171053.28443325
"43725",15512492.9328,-2666317.15395,1249019.40797904
"43766",13112492.9328,-2666317.15395,2463013.59348489
"43767",12915812.3634091,-3796646.51429322,2337286.36174764
"43771",15012492.9328,-1726507.8001,2174374.58929943
"43800",16512492.9328,-3632617.3477,1286712.46842325
"43815",15712492.9328,-2847792.8487,1137602.12877046
"43816",14512492.9328,-1918332.28425,2103421.69011442
"43845",14712492.9328,-2666317.15395,1334982.5123334
"43846",16312492.9328,-4737203.89085,1359298.74268969
"43910",15412492.9328,-2013585.1064,1881058.29935497
"43911",16712492.9328,-2937617.42485,1742906.44756966
"43918",17012492.9328,-3115372.02545,1923083.16831043
"43926",13512492.9328,-3290516.78655,1838529.47012939
"43944",13312492.9328,-3377081.28795,2004949.36774971
"43959",14112492.9328,-2108372.58065,2112589.43924741
"43977",13112492.9328,-3548141.3286,2165620.89090972
"44025",15912492.9328,-3026814.8206,1085501.46741851
"44041",14012492.9328,-3290516.78655,1375267.28159636
"44073",14112492.9328,-2482503.6033,1808752.44449256
"44084",15712492.9328,-2482503.6033,1478961.71417736
"44090",16103619.2832919,-1640422.63407368,2403493.57544935
"44097",14212492.9328,-2847792.8487,1469908.21260972
"44125",15312492.9328,-3203276.62205,687177.479450137
"44132",16030302.9917014,-4392225.57450276,928078.001637865
"44139",12919985.6162082,-3633197.4675216,2345191.02695964
"44180",16212492.9328,-3881724.4436,961188.221072226
"44190",16011041.8729909,-1633880.30742603,2378443.45141185
"44195",16512492.9328,-4124193.2187,1283146.57428534
"44196",16312492.9328,-2296477.34305,1912629.99531045
"44199",15112492.9328,-2202676.04035,1690759.54797365
"44200",15306437.2478027,-1830489.79095763,2057974.50097796
"44206",16312492.9328,-3881724.4436,1061186.45533527
"44219",13212492.9328,-2937617.42485,2249341.34846481
"44235",13012492.9328,-3290516.78655,2317114.82866928
"44242",17065968.062714,-2768547.95586468,2132016.63816817
"44265",14012492.9328,-2389758.88315,1943863.94563968
"44285",12937534.3260951,-2328400.64100768,2790182.11062333
"44301",15512492.9328,-3548141.3286,428400.937162345
"44320",13912492.9328,-3290516.78655,1465989.83597104
"44338",14112492.9328,-3290516.78655,1285921.45657831
"44391",14712492.9328,-2757354.6945,1252229.21085548
"44400",16212492.9328,-3548141.3286,1019394.25129577
"44437",16315466.0485963,-4799582.50985415,1401385.54909602
"44490",13812492.9328,-2757354.6945,1829746.68372111
"44494",15412492.9328,-3290516.78655,618574.691574108
"44495",16812492.9328,-3290516.78655,1671499.08832836
"44559",14312492.9328,-3290516.78655,1112682.248356
"44640",16912492.9328,-3377081.28795,1737884.41703279
"44688",13712492.9328,-2482503.6033,2083902.54542328
"44713",15312492.9328,-3026814.8206,863081.720240611
"44714",17011871.4730946,-3290069.87442614,1859226.28801175
"44732",15912492.9328,-1726507.8001,2260090.68944643
"44749",16486058.6058733,-4432652.60293215,1349635.40430958
"44756",13912492.9328,-2108372.58065,2226783.85693394
"44767",16112492.9328,-2296477.34305,1809332.94493942
"44773",16131835.2798845,-4533016.64219522,1091650.52924137
"44784",14112492.9328,-2847792.8487,1542204.99831846
"44786",13612492.9328,-3462959.48605,1692983.22424844
"44789",15912492.9328,-3963293.9918,665473.952499436
"44791",14512492.9328,-2482503.6033,1587614.87524335
"44819",16912492.9328,-3290516.78655,1765260.06552621
"44865",16212492.9328,-2108372.58065,2022361.48318235
"44874",13112492.9328,-3377081.28795,2198943.87693772
"44877",14812492.9328,-3115372.02545,888314.778521676
"44882",15212492.9328,-1822633.2914,2065457.91603619
"44883",14612492.9328,-3115372.02545,1002314.99660632
"44939",14212492.9328,-3203276.62205,1244041.80999434
"44948",14912492.9328,-1533058.3871,2378921.28559389
"44952",16296170.3396459,-4326729.26784343,1133326.40685154
"44979",16245018.9277352,-4785087.70455133,1338913.15200271
"44984",15112492.9328,-2757354.6945,1138865.04167785
"44991",16208251.8504095,-1920745.57421404,2187401.34073757
"45000",13012492.9328,-3203276.62205,2341117.9519848
"45035",16012492.9328,-2847792.8487,1288735.92848194
"45054",12914232.3634221,-2391536.02989896,2774991.83378112
"45079",16812492.9328,-2757354.6945,1927430.88757018
"45081",13212492.9328,-3632617.3477,2054728.78664011
"45096",13112492.9328,-2574695.0043,2509710.50504909
"45101",13950372.1312275,-1636397.86769388,2600183.35000322
"45102",16012492.9328,-3632617.3477,802782.344786347
"45104",13912492.9328,-3115372.02545,1545638.40396409
"45119",14912492.9328,-2847792.8487,1093740.11086307
"45121",15812492.9328,-2013585.1064,1956352.7064945
"45123",16912492.9328,-3462959.48605,1714616.80480944
"45132",16712492.9328,-2847792.8487,1793454.08917359
"45134",15612492.9328,-3203276.62205,773895.715352244
"45155",14512492.9328,-3115372.02545,1068831.81827774
"45157",13612492.9328,-3115372.02545,1811710.90018014
"45194",13683731.6863511,-1849748.04949408,2571127.91440971
"45198",16612492.9328,-3881724.4436,1361182.71476101
"45208",15512492.9328,-3026814.8206,899654.29423283
"45214",14212492.9328,-1822633.2914,2311661.18545217
"45217",13412492.9328,-3632617.3477,1856442.34490749
"45218",12644899.4603785,-2670661.41606554,2876576.54589355
"45228",16012492.9328,-4124193.2187,797054.35686971
"45229",16212492.9328,-3963293.9918,964135.50470478
"45232",13312492.9328,-3462959.48605,1984814.98069959
"45236",12713412.3292416,-2756594.72426654,2778569.99192834
"45240",14412492.9328,-3377081.28795,982036.063741745
"45260",16412492.9328,-2666317.15395,1685275.80871491
"45310",13112492.9328,-2389758.88315,2611226.1428736
"45313",15828058.757479,-1181757.21275997,2766747.47828818
"45350",13112492.9328,-3290516.78655,2220642.93075183
"45376",15612492.9328,-3963293.9918,368990.36773079
"45378",16273621.0785022,-2050766.11056358,2102264.18397727
"45383",14112492.9328,-3115372.02545,1376032.65554519
"45394",15712492.9328,-3716378.65495,491972.82745916
"45402",15112492.9328,-2937617.42485,960198.176646497
"45437",16213584.0081241,-4202232.85289519,1012353.61251449
"45443",15812492.9328,-2574695.0043,1427922.27692821
"45444",16312492.9328,-2847792.8487,1485779.92426111
"45447",15712492.9328,-3881724.4436,461208.535299154
"45463",15095788.5443147,-1532422.78479106,2360433.25245223
"45484",16112492.9328,-3377081.28795,1001184.83492963
"45501",14812492.9328,-2202676.04035,1741254.19140542
"45508",16112492.9328,-3115372.02545,1156781.65714517
"45518",13312492.9328,-2666317.15395,2291485.05450275
"45519",15050633.886513,-3823483.48541628,210721.197585799
"45523",14512492.9328,-2013585.1064,2014516.13437094
"45529",15412492.9328,-3203276.62205,703169.101228491
"45544",14811918.6443147,-1340302.27764747,2585042.56560961
"45564",15412492.9328,-2757354.6945,1141803.5177442
"45567",15012492.9328,-2937617.42485,979666.597254504
"45583",13539809.3692208,-2121407.25085614,2459504.61846807
"45591",14712492.9328,-2389758.88315,1591931.00220178
"45604",15512492.9328,-3290516.78655,651819.411888787
"45607",14412492.9328,-2482503.6033,1636547.30925657
"45609",16112492.9328,-3799416.93585,865685.508514261
"45645",13912492.9328,-3203276.62205,1503641.69104108
"45655",15812492.9328,-4124193.2187,608956.365010589
"45677",16212492.9328,-2574695.0043,1627236.18924359
"45680",14812492.9328,-2013585.1064,1924831.66682647
"45772",15817468.4547736,-1437941.83617774,2514351.49596298
"45778",13912492.9328,-2202676.04035,2152175.89642566
"45780",15912492.9328,-1533058.3871,2445732.0886888
"45789",16212492.9328,-3716378.65495,976323.074731598
"45795",13712492.9328,-2013585.1064,2424954.44954509
"45812",13912492.9328,-2574695.0043,1875238.1161938
"45854",15512492.9328,-3716378.65495,312361.12056413
"45866",15612492.9328,-3462959.48605,557557.289224546
"45867",15712492.9328,-2013585.1064,1930047.15371136
"45872",12658634.725542,-2502709.15419149,2939439.90433428
"45877",14320731.8454915,-1658996.02227786,2415209.88760901
"45881",16412492.9328,-2574695.0043,1752816.42190564
"45921",14212492.9328,-3115372.02545,1294488.22543342
"45934",16167595.995346,-1659693.1424047,2409084.17177515
"45936",13312492.9328,-2937617.42485,2159113.33620367
"45943",16212492.9328,-2937617.42485,1351500.4260764
"46022",15813097.1984537,-4202667.22528439,644032.308058784
"46045",16512492.9328,-3377081.28795,1360627.30397756
"46062",17007303.8369724,-3028975.23304665,1954717.44543653
"46093",15212492.9328,-2202676.04035,1685497.47722241
"46116",16995791.5787805,-3460044.52573563,1796129.35007603
"46118",14812492.9328,-2108372.58065,1832667.84099928
"46133",13812492.9328,-3026814.8206,1676723.47330378
"46153",13312492.9328,-3290516.78655,2028724.43156191
"46190",15412492.9328,-2666317.15395,1231996.58475553
"46224",15616012.0322617,-4121309.83181698,433080.927588169
"46235",14312492.9328,-2108372.58065,2011840.43406473
"46242",14512492.9328,-2937617.42485,1203568.51009031
"46245",15312492.9328,-2108372.58065,1780404.70082736
"46246",13812492.9328,-2937617.42485,1724221.52923218
"46249",15812492.9328,-2847792.8487,1181682.06385733
"46254",16112492.9328,-2108372.58065,1976793.38121122
"46258",15012492.9328,-3462959.48605,487305.603100545
"46283",13912492.9328,-2482503.6033,1940906.38932941
"46285",14912492.9328,-3115372.02545,843407.992847505
"46290",15824132.4246088,-1343428.49082956,2607980.2142765
"46309",16512492.9328,-3203276.62205,1434928.44705648
"46332",16012492.9328,-3548141.3286,833484.760662592
"46349",15012492.9328,-2108372.58065,1795310.33772745
"46354",16978177.7479217,-2781039.99396888,2051043.65101801
"46357",15912492.9328,-2574695.0043,1470100.6515225
"46359",16012492.9328,-2482503.6033,1598133.11147087
"46362",15197591.1970193,-1754822.72545139,2133580.14971523
"46366",13912492.9328,-2013585.1064,2303230.74738217
"46389",14812492.9328,-1435776.1316,2490909.71518784
"46390",15612492.9328,-2666317.15395,1273688.88594011
"46399",16868628.1321949,-3679088.80671755,1630706.59091995
"46430",14712492.9328,-2296477.34305,1680003.31916833
"46440",16012492.9328,-1822633.2914,2200906.08072877
"46452",16612492.9328,-3462959.48605,1425906.41255232
"46493",15112492.9328,-3026814.8206,872033.406754244
"46500",16812492.9328,-2937617.42485,1827554.86419394
"46553",16012492.9328,-3799416.93585,766275.083108247
"46568",15812492.9328,-3716378.65495,586746.248064015
"46594",16312492.9328,-2666317.15395,1617998.96624832
"46596",16183735.7718859,-1830960.08405291,2258246.99000982
"46602",15559931.2366386,-4103066.63264825,376311.415563032
"46619",15912492.9328,-2108372.58065,1898221.34607174
"46626",13912492.9328,-3548141.3286,1381225.9107101
"46641",15212492.9328,-2937617.42485,950901.906136642
"46668",15112492.9328,-2574695.0043,1320350.23851044
"46672",15712492.9328,-3203276.62205,825317.196536946
"46678",16212417.6373429,-4588657.85676186,1189540.78052911
"46682",15212492.9328,-2757354.6945,1131038.23092544
"46693",15842061.4856283,-1247772.56603882,2705240.55383273
"46694",13712492.9328,-2937617.42485,1808509.3268238
"46708",14312492.9328,-1822633.2914,2268482.16501369
"46722",14912492.9328,-2574695.0043,1356044.60067377
"46729",16012492.9328,-3115372.02545,1084393.79638971
"46735",14411655.1367666,-3461119.96979101,941825.740134678
"46737",15079583.0705967,-1629469.91481039,2264777.26679275
"46753",16612492.9328,-3026814.8206,1610574.65284321
"46754",15312492.9328,-2482503.6033,1406553.29275726
"46784",14412492.9328,-3115372.02545,1140248.90225944
"46787",15912492.9328,-3203276.62205,951638.727783649
"46798",13812492.9328,-3377081.28795,1526758.47812781
"46802",17012492.9328,-3203276.62205,1889494.41159987
"46816",15412492.9328,-2574695.0043,1322885.64974894
"46818",16912492.9328,-3203276.62205,1796651.11660781
"46830",13212492.9328,-3290516.78655,2124497.33409038
"46833",13118623.6884998,-2308539.9285936,2653721.4347162
"46851",15912492.9328,-2482503.6033,1552995.66815897
"46873",14712492.9328,-2937617.42485,1092265.9711806
"46880",15912492.9328,-2296477.34305,1723141.87237298
"46889",13913558.9511529,-1823179.7032604,2460074.38160376
"46890",16112492.9328,-3963293.9918,864478.672248946
"46910",15306342.1685712,-3870402.49437933,57681.6188796034
"46917",15513235.7395192,-3880159.96178568,262021.554752725
"46933",14012492.9328,-2202676.04035,2091433.71537676
"46942",16582388.337431,-2327323.24408051,2050997.5681489
"46950",14512492.9328,-2666317.15395,1427483.98061692
"46974",14507816.248816,-1299008.70384217,2693373.54870438
"47017",16485227.8411261,-4588781.53289363,1419154.20960634
"47022",15300231.4597931,-3966135.86616072,92412.521066022
"47031",16978507.8350987,-3538024.50619082,1762230.73260625
"47045",13712492.9328,-3462959.48605,1596379.0571934
"47047",16112492.9328,-3026814.8206,1217695.04765594
"47078",12914286.1555584,-3717709.41318981,2343213.39416969
"47085",16312492.9328,-3963293.9918,1063856.74227848
"47160",12812492.9328,-2482503.6033,2814701.53815467
"47170",14412492.9328,-3203276.62205,1082639.28357144
"47180",16312492.9328,-2202676.04035,1991349.94638626
"47204",16512492.9328,-3963293.9918,1263431.42331092
"47209",14912492.9328,-1726507.8001,2187617.64436385
"47211",16608807.1805527,-4173780.92889202,1387295.71671269
"47218",14512492.9328,-2296477.34305,1754406.83967503
"47229",13012312.0973754,-3858942.68809812,2239196.35667527
"47232",15512492.9328,-2574695.0043,1338753.2778562
"47268",13612492.9328,-3026814.8206,1851197.93987834
"47270",15199961.5205267,-1360677.34409562,2527570.73336179
"47278",13912492.9328,-2847792.8487,1695266.48746454
"47307",16112492.9328,-2757354.6945,1421039.24989646
"47330",14912492.9328,-3026814.8206,925188.882973272
"47345",14912492.9328,-1918332.28425,1998328.9001263
"47346",13808104.989033,-3628215.72040063,1466364.61962103
"47349",16412492.9328,-4044118.9467,1171654.07428733
"47362",16108344.0166436,-4196099.11359456,910811.794687113
"47420",13412492.9328,-3548141.3286,1869923.93779045
"47423",15912492.9328,-3290516.78655,890956.86335041
"47443",16028622.6373683,-4418477.41071036,941217.779172941
"47444",14412492.9328,-3290516.78655,1029706.60018551
"47448",16012492.9328,-2013585.1064,2022815.78635486
"47450",16712492.9328,-2666317.15395,1904430.68695524
"47453",16779637.0189793,-2583386.02147569,2009240.05225185
"47482",15762071.1943138,-1436396.57899949,2503972.84700918
"47518",15251323.4495048,-3887726.16918758,0
"47534",14012492.9328,-2296477.34305,2016624.37647751
"47559",16312492.9328,-2482503.6033,1760889.30144876
"47578",14312492.9328,-2574695.0043,1614141.74689283
"47594",14412492.9328,-1918332.28425,2140595.45682616
"47611",15012492.9328,-2296477.34305,1609072.04387924
"47612",14953827.7942,-3674864.4449,365805.656861556
"47614",15759392.2901911,-1608197.4394262,2335462.51879234
"47621",13712625.1786807,-3713864.56825812,1548489.6592857
"47641",12912492.9328,-3290516.78655,2413873.90569185
"47646",13512492.9328,-2937617.42485,1981473.74241766
"47650",15438257.6091405,-3883352.68290828,186985.31338305
"47664",13612492.9328,-2202676.04035,2350565.76150902
"47677",15112492.9328,-1822633.2914,2069754.21397264
"47689",13112492.9328,-2937617.42485,2340363.77626523
"47712",15412492.9328,-2937617.42485,963681.601159002
"47743",16412492.9328,-3632617.3477,1188862.93563927
"47756",16712492.9328,-3799416.93585,1463835.63954627
"47787",16512492.9328,-2574695.0043,1820604.1045656
"47830",15641693.5943494,-4183903.62708477,490010.139234281
"47858",14912492.9328,-2757354.6945,1180061.77373806
"47874",13208156.4933598,-3794719.88150602,2045282.71401074
"47879",15712492.9328,-3548141.3286,572708.613764151
"47896",14512492.9328,-2108372.58065,1926647.2758281
"47926",16212492.9328,-4124193.2187,989830.006174328
"47959",15398234.3801872,-1859921.31308971,2033119.61182024
"47966",15612492.9328,-3716378.65495,399754.132310251
"47977",15212492.9328,-2574695.0043,1313605.21047749
"48012",15312492.9328,-3548141.3286,345050.097295298
"48030",15112492.9328,-3716378.65495,220530.911674349
"48040",12758915.8065276,-3175303.55619543,2592227.19649991
"48041",16774390.323986,-3864308.3708245,1523246.8931273
"48044",13112492.9328,-3799416.93585,2140652.82095916
"48063",16312492.9328,-3632617.3477,1091403.30908321
"48070",13559177.3235322,-2052861.0972509,2496014.49191652
"48074",16612492.9328,-3632617.3477,1384869.26208033
"48082",13812492.9328,-2108372.58065,2288303.39964843
"48084",14912492.9328,-2666317.15395,1267535.44390446
"48087",16422074.1891244,-4541283.6134775,1340818.64072159
"48089",14047200.3664372,-1563482.49344931,2617636.54149799
"48135",15212492.9328,-3632617.3477,258047.127146078
"48138",13403100.9268385,-3758978.54329402,1852701.39106773
"48145",13312492.9328,-2574695.0043,2341605.1358997
"48155",14212492.9328,-2666317.15395,1603436.5671709
"48163",14012492.9328,-2108372.58065,2168132.89310426
"48167",15912492.9328,-3548141.3286,743278.514150473
"48170",16139831.6448312,-4583092.47767072,1128264.64809261
"48185",14012492.9328,-3026814.8206,1508598.48841432
"48187",14312492.9328,-3115372.02545,1215702.94992026
"48206",16412492.9328,-4124193.2187,1185002.63056296
"48211",12812492.9328,-2666317.15395,2727587.62860412
"48221",14712492.9328,-3203276.62205,871096.727297951
"48223",15212492.9328,-3026814.8206,861786.608827528
"48233",14296248.6237376,-3520122.88555612,1023376.81083304
"48244",16712492.9328,-3716378.65495,1471181.91585832
"48269",14112492.9328,-1726507.8001,2442908.0589862
"48273",14512492.9328,-2757354.6945,1350411.12376997
"48295",14412492.9328,-2937617.42485,1267415.97820999
"48321",16612492.9328,-2574695.0043,1891251.75537795
"48329",14946699.9881811,-3627684.67689401,400520.949393507
"48350",16695519.7620907,-3959228.93156004,1445965.29498929
"48356",16412492.9328,-3799416.93585,1164522.68746844
"48367",13912492.9328,-2389758.88315,2009072.70712108
"48377",15234816.32425,-3971382.97820039,85269.8474162024
"48386",15812492.9328,-2389758.88315,1599630.32573798
"48388",12812492.9328,-2937617.42485,2617365.26210564
"48412",14912492.9328,-3203276.62205,763725.933583038
"48419",16481403.7514084,-4656384.86140735,1450494.3068679
"48428",16512492.9328,-2847792.8487,1634628.32982162
"48461",14112492.9328,-1918332.28425,2274960.92709472
"48466",14212492.9328,-3462959.48605,1122317.0574935
"48473",14614715.4325392,-1370503.11796953,2596474.85195763
"48477",14612492.9328,-2847792.8487,1220477.66883858
"48487",14312492.9328,-3377081.28795,1068719.29608777
"48539",13112492.9328,-3462959.48605,2180601.4570048
"48559",16193701.6532816,-4539323.01861101,1145711.62738803
"48565",16306650.6025322,-4269499.92451381,1122259.59571433
"48592",16212492.9328,-2202676.04035,1939907.39787071
"48595",13512492.9328,-2847792.8487,2026078.20107819
"48600",13312492.9328,-2482503.6033,2394517.53641219
"48601",14120615.7404244,-1558187.56028329,2589449.75887728
"48606",16140907.9230281,-4252782.31826048,961575.0243791
"48607",16212492.9328,-2296477.34305,1859010.38251598
"48611",16898550.4153282,-3619852.09882129,1668865.84077639
"48618",16392598.1018243,-4807494.63352778,1465770.05700816
"48636",16998311.4708679,-2851348.28742096,2031267.15638321
"48637",14212492.9328,-2937617.42485,1407790.98892694
"48646",15612492.9328,-2757354.6945,1186668.89503817
"48653",16912492.9328,-3026814.8206,1871003.0471269
"48674",16012492.9328,-4203511.25305,824074.754794658
"48683",16712492.9328,-3290516.78655,1578504.13544708
"48719",14612492.9328,-2574695.0043,1460190.14824761
"48792",13212492.9328,-3462959.48605,2082608.12707299
"48811",15812492.9328,-3799416.93585,568075.443646769
"48843",15912492.9328,-3377081.28795,835406.057181169
"48864",15012492.9328,-3026814.8206,893425.075670238
"48869",14112492.9328,-2389758.88315,1881712.23512441
"48873",15312492.9328,-3377081.28795,514295.538013646
"48874",13112492.9328,-2482503.6033,2559149.55382983
"48883",13715702.235883,-3760938.59474493,1540846.3910326
"48886",17082149.1813886,-3049190.23030525,2013719.29059764
"48900",13312492.9328,-3115372.02545,2087006.15616112
"48907",13112492.9328,-2757354.6945,2419160.11251325
"48919",14512492.9328,-2389758.88315,1670262.41125551
"48922",14512492.9328,-3377081.28795,898125.117758333
"48930",15209382.2319293,-1551342.93328936,2336759.65617304
"48938",14512492.9328,-2847792.8487,1275669.17477636
"48951",15812492.9328,-2757354.6945,1262002.71781371
"48965",13312492.9328,-2389758.88315,2450095.86803141
"48983",16212492.9328,-3115372.02545,1233035.96823717
"49024",16112492.9328,-1726507.8001,2326473.23600348
"49080",15112492.9328,-2296477.34305,1597293.5669603
"49097",15617324.3005712,-1958148.80774026,1963982.03066916
"49104",14612739.4366117,-1436044.85014576,2533481.95802955
"49106",12851985.920671,-3441367.31066564,2440503.39230486
"49112",16312492.9328,-2757354.6945,1550425.85861575
"49157",12716728.1275642,-2941731.20325607,2705379.81096388
"49190",13812492.9328,-2202676.04035,2215767.85618362
"49201",15719785.3984279,-1922276.98758634,2020506.64018851
"49205",14612492.9328,-1533058.3871,2439787.85821116
"49225",15412492.9328,-2202676.04035,1692740.24559033
"49256",12832848.9645482,-3779092.86139157,2420913.05708168
"49283",15112492.9328,-2108372.58065,1784761.35811208
"49302",15813305.6880088,-1629403.07715399,2327197.28953223
"49325",15612492.9328,-2482503.6033,1450894.1571815
"49329",14112492.9328,-2757354.6945,1604579.26465647
"49343",13412492.9328,-3026814.8206,2030385.68239922
"49374",16212492.9328,-3377081.28795,1088395.59460341
"49392",12642690.2027466,-2860116.13584856,2803738.539292
"49434",15712492.9328,-2296477.34305,1656728.74032142
"49483",14512492.9328,-3290516.78655,950015.567832783
"49496",14012492.9328,-3115372.02545,1459873.95773323
"49502",12730300.7252268,-2842166.98735908,2729239.74378065
"49529",15012492.9328,-2847792.8487,1067005.7763526
"49531",16212492.9328,-3462959.48605,1050844.18955508
"49553",13246308.5577523,-2234394.60177149,2598767.0130206
"49562",14712492.9328,-2482503.6033,1504987.96852734
"49636",16677490.1524404,-4123584.35002388,1445538.15101141
"49665",15613778.8421232,-4043542.0552817,394528.201777105
"49673",15212492.9328,-3548141.3286,341797.707693388
"49690",15812492.9328,-3377081.28795,758728.794574153
"49712",13612492.9328,-3548141.3286,1673643.72745212
"49741",16012492.9328,-2296477.34305,1763930.78350147
"49743",13812492.9328,-3290516.78655,1557848.61347673
"49748",16112492.9328,-3716378.65495,878050.596261011
"49764",13712492.9328,-2108372.58065,2352466.48269078
"49780",15812492.9328,-3548141.3286,655918.480406441
"49798",16387824.5629588,-2149669.59011539,2076650.0554832
"49832",14912492.9328,-2296477.34305,1626923.15298992
"49851",15612492.9328,-2937617.42485,1016439.8761021
"49860",15812492.9328,-4044118.9467,582554.623910798
"49861",16412492.9328,-2937617.42485,1500340.35971935
"49886",15612492.9328,-3799416.93585,371808.978316009
"49908",15912492.9328,-2389758.88315,1637391.54623433
"49938",13912492.9328,-3462959.48605,1404597.41120499
"49979",14312492.9328,-1918332.28425,2181722.94600523
"50025",14812492.9328,-2757354.6945,1212564.18105549
"50056",15103502.2923857,-1361247.71990198,2530799.17203966
"50097",16612492.9328,-3377081.28795,1453802.10379139
"50111",15969653.2344042,-1455625.14507486,2535963.93337204
"50145",15612492.9328,-3881724.4436,361219.346621621
"50158",16112492.9328,-2013585.1064,2062526.99429256
"50161",14012492.9328,-3377081.28795,1339947.4780204
"50163",15612492.9328,-3377081.28795,625461.102226081
"50165",14917497.1132459,-3543537.82423482,479484.764702023
"50205",14612492.9328,-2482503.6033,1543617.46840109
"50236",14612492.9328,-1822633.2914,2161645.90600827
"50246",16012492.9328,-3881724.4436,761193.144352937
"50286",15912492.9328,-3632617.3477,708678.7681606
"50312",13812492.9328,-2666317.15395,1887345.55349693
"50322",15110400.3690533,-1728831.16600384,2163489.53068317
"50325",14312492.9328,-2757354.6945,1469402.05862234
"50327",14612492.9328,-1629975.9613,2346388.80629143
"50329",15612492.9328,-2847792.8487,1100865.43533897
"50330",13412492.9328,-2937617.42485,2069783.63488351
"50335",13712492.9328,-3290516.78655,1650653.93279522
"50345",16312492.9328,-4044118.9467,1072631.98401644
"50368",14812492.9328,-1629975.9613,2300001.78774014
"50380",16112492.9328,-3548141.3286,925705.537909229
"50395",15332531.7748578,-3798189.23745716,120878.675746937
"50405",15112492.9328,-3203276.62205,698387.496269344
"50410",12737607.2646864,-3105923.99394072,2632486.22010421
"50417",15112492.9328,-3462959.48605,446878.783868987
"50422",14912492.9328,-3290516.78655,686633.210499464
"50429",16012492.9328,-1726507.8001,2291341.053004
"50430",15012492.9328,-3115372.02545,808437.343928455
"50454",13412492.9328,-3203276.62205,1962082.78412041
"50483",14366103.4159364,-3506260.98536001,963913.997358401
"50500",14312492.9328,-2937617.42485,1335705.56829076
"50520",14812492.9328,-3203276.62205,813045.758225356
"50574",15012492.9328,-1533058.3871,2366748.90508282
"50614",12912492.9328,-2937617.42485,2524447.42704941
"50635",15111763.2747791,-3854066.63407284,143561.856611053
"50648",16412492.9328,-2296477.34305,1969869.89306915
"50654",15712492.9328,-3963293.9918,467319.792152164
"50665",15712492.9328,-2202676.04035,1747017.81016059
"50668",16412492.9328,-3462959.48605,1236422.78531243
"50678",15923294.8356385,-4261196.60182809,768781.963783718
"50686",12923025.6532093,-3547872.34576391,2352970.72857487
"50737",13312492.9328,-3548141.3286,1968344.89774092
"50750",15112492.9328,-3632617.3477,290438.32937356
"50767",13412492.9328,-2574695.0043,2259501.82764495
"50771",16112492.9328,-2574695.0043,1570243.2037506
"50778",17001095.943592,-3375029.35446743,1823338.09396073
"50799",15812492.9328,-1918332.28425,2047785.01386531
"50803",16012492.9328,-3026814.8206,1149150.7004857
"50808",15912492.9328,-1918332.28425,2077416.02951127
"50823",16232056.2824715,-4267192.66779913,1051585.3333075
"50845",13712492.9328,-3377081.28795,1621344.36622085
"50852",13812492.9328,-2847792.8487,1775301.26087414
"50881",13312492.9328,-3203276.62205,2056097.01986133
"50884",13512492.9328,-3548141.3286,1771679.83275218
"50929",12712972.055502,-2490873.99689471,2897313.20203312
"50945",13012492.9328,-2757354.6945,2508007.52656687
"50974",13212492.9328,-3377081.28795,2101805.90697165
"50975",13613094.1684206,-3713954.38334675,1647419.74340358
"50988",14812492.9328,-2389758.88315,1560922.23138445
"50989",15212492.9328,-3377081.28795,512119.130439105
"50996",13013916.8703262,-2316080.8567412,2734237.95392546
"51011",14812492.9328,-1822633.2914,2111203.64159415
"51022",16912492.9328,-2937617.42485,1913685.1042682
"51032",13012492.9328,-2389758.88315,2693746.10395403
"51033",16012492.9328,-3462959.48605,871668.352874868
"51068",15912492.9328,-3881724.4436,661196.722882737
"51070",15912492.9328,-4124193.2187,702183.559438661
"51101",14512513.3442562,-1629973.94519578,2375560.03429873
"51102",14412492.9328,-1822633.2914,2228956.08517625
"51131",13812492.9328,-2482503.6033,2011189.62693245
"51158",16112492.9328,-3203276.62205,1100038.20912538
"51163",15912492.9328,-2937617.42485,1157519.63772006
"51177",14912492.9328,-2108372.58065,1811326.9478733
"51184",16112492.9328,-3632617.3477,898161.115702358
"51192",13513563.4098805,-2203750.21666512,2419831.59827061
"51207",13912492.9328,-3026814.8206,1591739.77225768
"51242",16512492.9328,-3115372.02545,1478877.74644955
"51246",13612492.9328,-2666317.15395,2043919.1385636
"51263",15756789.8517917,-1525005.92650059,2416183.6083054
"51287",16212492.9328,-4044118.9467,973809.774276278
"51296",16012492.9328,-2389758.88315,1680263.36398158
"51305",16212492.9328,-3632617.3477,994448.232146221
"51310",16966400.2840295,-3593332.60121505,1740159.797601
"51315",13212492.9328,-2757354.6945,2331216.32343164
"51320",15712492.9328,-2574695.0043,1391663.80002097
"51338",14812492.9328,-3377081.28795,673298.163613675
"51346",14612492.9328,-3203276.62205,936256.167750132
"51348",15112492.9328,-2389758.88315,1504386.88587987
"51350",15012492.9328,-2482503.6033,1425373.8019864
"51362",16212492.9328,-3203276.62205,1179965.23601113
"51371",16512492.9328,-3290516.78655,1395423.77516848
"51374",13112492.9328,-3632617.3477,2153990.82866862
"51409",16312492.9328,-2389758.88315,1835752.34231522
"51414",12817127.1922924,-3200145.69560867,2529442.29550191
"51426",14660951.3323667,-3506499.9019,702760.772641861
"51440",16512492.9328,-2482503.6033,1888173.43622739
"51443",15208598.7572206,-3712252.65097438,180599.985949331
"51445",15812509.6917887,-1533054.99285947,2420621.06641232
"51454",14208471.6549428,-3533625.36687626,1101329.76152413
"51479",16511144.1860087,-2296996.41399206,2029179.49974602
"51481",16512492.9328,-3462959.48605,1330779.9219626
"51483",15212492.9328,-3203276.62205,685550.137921657
"51498",15110075.0659767,-3794612.51317458,169178.186494064
"51500",13612492.9328,-2482503.6033,2158799.64845342
"51510",13612492.9328,-3290516.78655,1744254.7145395
"51523",15512492.9328,-2847792.8487,1072227.03289229
"51548",14512492.9328,-2574695.0043,1506625.82361392
"51555",16312492.9328,-3026814.8206,1366473.20588583
"51571",15912492.9328,-2202676.04035,1810121.27282577
"51589",16596648.9089507,-2393407.86354017,2010693.36061622
"51754",12912492.9328,-3203276.62205,2436924.16140644
"51769",13212492.9328,-3716378.65495,2046018.04647031
"51781",13412492.9328,-2757354.6945,2158480.33114787
"51783",16012492.9328,-2937617.42485,1217409.38404738
"51788",16312492.9328,-2574695.0043,1688233.25172887
"51789",15012492.9328,-2757354.6945,1155326.65791838
"51791",12912492.9328,-2757354.6945,2597665.84776738
"51793",13901470.8230772,-3611112.37943868,1377903.2265558
"51815",14112492.9328,-1822633.2914,2358292.50511193
"51825",15712492.9328,-2937617.42485,1056117.37907749
"51834",15612492.9328,-3632617.3477,442180.852666082
"51859",15312492.9328,-3290516.78655,600333.867441246
"51881",15412492.9328,-3377081.28795,535475.300158453
"51894",16612492.9328,-3799416.93585,1364031.11509481
"51903",13705707.1325928,-1923654.97819662,2499300.99075427
"51904",15512492.9328,-3115372.02545,815316.148713672
"51909",16412492.9328,-3716378.65495,1173743.81343266
"51919",16312492.9328,-3115372.02545,1312482.98869952
"51926",16408033.5233688,-2206879.37196702,2040398.03732142
"51940",15212492.9328,-3290516.78655,598470.430128276
"51945",15712492.9328,-3377081.28795,688066.484474361
"51953",13512492.9328,-2389758.88315,2295089.87969158
"51956",13012492.9328,-3377081.28795,2296327.56314573
"51957",13712492.9328,-2202676.04035,2281971.36174789
"51968",13600398.5404583,-3762121.10494351,1655696.13379808
"51970",14012492.9328,-2482503.6033,1873326.32202688
"51973",16512492.9328,-3026814.8206,1526996.01038181
"51974",16512492.9328,-3799416.93585,1264257.48417312
"51976",13212492.9328,-3548141.3286,2066917.44871528
"52000",14912492.9328,-3377081.28795,612833.022759532
"52016",13212726.4621096,-2296734.44700288,2585949.02058745
"52017",13625911.6861099,-2020569.16363286,2475527.96065297
"52022",14212492.9328,-2574695.0043,1674281.84079121
"52024",14812492.9328,-2296477.34305,1650649.88688566
"52043",16809175.0679742,-2669469.40396415,1977637.7856373
"52099",15812492.9328,-2482503.6033,1513129.75275139
"52113",16807976.6242289,-3714300.86063955,1566283.96021399
"52120",15812492.9328,-2937617.42485,1103457.21033873
"52155",15412492.9328,-2847792.8487,1052348.28522024
"52159",12912492.9328,-2666317.15395,2638554.18143598
"52162",12713971.1983005,-2575266.67027102,2856695.01049511
"52164",14312492.9328,-2389758.88315,1767854.27259574
"52176",16712492.9328,-3026814.8206,1695931.78195352
"52214",13412492.9328,-3115372.02545,1994449.44596585
"52218",13612492.9328,-2937617.42485,1894326.28882927
"52226",14612492.9328,-1918332.28425,2070414.62106093
"52302",14912492.9328,-2937617.42485,1008718.36759186
"52325",16564029.1001087,-2246103.18533891,2101932.95474136
"52335",14812492.9328,-1533058.3871,2395210.34282851
"52378",16012492.9328,-3290516.78655,967490.583422002
"52379",16612492.9328,-2847792.8487,1712963.41855699
"52394",14112492.9328,-3203276.62205,1328685.86518972
"52464",17076440.6068788,-3122748.0342354,1978950.27352778
"52488",12654992.0499929,-2614343.76197925,2891788.28600554
"52489",14112492.9328,-3462959.48605,1215467.67990014
"52503",14812492.9328,-2574695.0043,1384421.56237089
"52511",13612492.9328,-2389758.88315,2220286.34471361
"52571",15512492.9328,-2937617.42485,985350.76245539
"52588",14612492.9328,-3026814.8206,1072041.40740935
"52603",14012492.9328,-2574695.0043,1805201.34308756
"52610",15612492.9328,-2389758.88315,1540892.39913192
"52613",14612492.9328,-2666317.15395,1378384.71102119
"52615",15212492.9328,-2666317.15395,1222026.10100243
"52627",14212492.9328,-2202676.04035,1979536.00096909
"52656",15612492.9328,-2574695.0043,1361798.16258863
"52672",12812492.9328,-2847792.8487,2651293.19394724
"52707",15512492.9328,-2108372.58065,1798418.38626229
"52735",13512492.9328,-3462959.48605,1789960.4188159
"52776",13712492.9328,-2389758.88315,2147534.71431331
"52882",13412492.9328,-2389758.88315,2371751.17986766
"52885",14212492.9328,-3377081.28795,1157552.17470803
"52953",16112492.9328,-2666317.15395,1494474.1086625
"52965",15912492.9328,-2666317.15395,1388879.06894174
"52982",16012492.9328,-2202676.04035,1848992.40641908
"52983",15812492.9328,-2296477.34305,1687300.80770029
"53001",15512492.9328,-2757354.6945,1160150.4944584
"53011",15412492.9328,-2389758.88315,1506612.62187214
"53021",13612492.9328,-3203276.62205,1776017.07341449
"53047",13812492.9328,-3203276.62205,1593331.239378
"53073",13812492.9328,-2296477.34305,2145298.59984227
"53078",14112492.9328,-2666317.15395,1669962.55295793
"53099",13712492.9328,-2296477.34305,2213610.66717393
"53132",15812492.9328,-2666317.15395,1344154.44480366
"53194",13512492.9328,-2574695.0043,2178894.76702982
"53223",15912492.9328,-2757354.6945,1309536.08443151
"53232",15712492.9328,-2108372.58065,1838144.84885287
"53245",12712492.9328,-2666317.15395,2817356.9839577
"53283",16812492.9328,-3203276.62205,1704617.65160081
"53285",13012492.9328,-3026814.8206,2398651.79479131
"53303",13417427.3176122,-2219718.6835047,2478996.57015993
"53313",14712492.9328,-1822633.2914,2134232.16160317
"53360",16112492.9328,-1822633.2914,2237458.70863529
"53368",13112492.9328,-3203276.62205,2245677.4393854
"53385",15212492.9328,-3115372.02545,773329.640176927
"53490",15312492.9328,-2296477.34305,1592424.10568631
"53589",13912492.9328,-1918332.28425,2381381.8313092
"53615",15012492.9328,-2389758.88315,1516886.94560547
"53646",15812492.9328,-2202676.04035,1776036.35257766
"53658",16171141.1328328,-1737192.02142516,2338987.32173885
"53710",15612492.9328,-3026814.8206,933601.491960361
"53713",15742273.6029711,-1831459.44555441,2114063.59694067
"53731",16912492.9328,-2847792.8487,1959832.99372461
"53735",14612492.9328,-2202676.04035,1802081.67566536
"53739",14712492.9328,-2574695.0043,1419291.78314341
"53758",15112492.9328,-2847792.8487,1049159.29363889
"53795",14012492.9328,-1726507.8001,2491097.32607955
"53820",16512492.9328,-2937617.42485,1579004.46220453
"53835",14212492.9328,-1918332.28425,2226585.07954821
"53839",12820648.3943572,-2414011.74185166,2842536.79607758
"53843",15512492.9328,-2482503.6033,1429286.5208503
"53858",16298269.7443311,-2123726.31967086,2051290.32887727
"53860",14412492.9328,-2389758.88315,1716840.88540378
"53952",14912492.9328,-2013585.1064,1904523.78359447
"54010",15512492.9328,-2013585.1064,1892251.09914917
"54050",15212492.9328,-2013585.1064,1874543.28631113
"54055",14212492.9328,-2389758.88315,1822930.287333
"54067",14212492.9328,-2482503.6033,1747518.04056978
"54108",16212492.9328,-2389758.88315,1779818.18331445
"54154",12912492.9328,-2482503.6033,2728512.16701508
"54159",13812492.9328,-2389758.88315,2077050.612248
"54163",15112492.9328,-2482503.6033,1412063.86967736
"54197",16772238.603514,-2505812.97507935,2054961.55237643
"54220",14211756.2976383,-1727010.30534222,2397789.17078064
"54239",16012492.9328,-2574695.0043,1517705.44647699
"54296",13812492.9328,-2574695.0043,1947892.21872439
"54376",14312492.9328,-2482503.6033,1689986.15342726
"54423",15412492.9328,-2296477.34305,1599390.01779737
"54434",15112492.9328,-2666317.15395,1229273.726585
"54446",12845003.5840662,-2298870.19008084,2883546.18779513
"54451",14212492.9328,-2296477.34305,1900326.72693971
"54490",14612492.9328,-1726507.8001,2253656.86561972
"54594",13712492.9328,-2574695.0043,2022881.65721774
"54622",14412492.9328,-2296477.34305,1798807.7891869
"54662",16412492.9328,-2482503.6033,1822900.169679
"54717",14712492.9328,-1435776.1316,2510457.59027276
"54762",13612492.9328,-2296477.34305,2284258.80520731
"54813",14612492.9328,-2389758.88315,1628499.43786055
"54857",15912492.9328,-1822633.2914,2168352.75717071
"54883",14412492.9328,-2202676.04035,1882293.9654716
"54896",15212492.9328,-2389758.88315,1498470.48655166
"54935",15012492.9328,-1822633.2914,2078857.52508402
"54961",14112492.9328,-1629975.9613,2528709.34411105
"54962",15109748.7318949,-1432762.29780999,2459042.70203581
"55113",14530173.3670252,-1441335.40678685,2550467.64414292
"55183",15612492.9328,-2108372.58065,1815638.34193523
"55185",15812492.9328,-1822633.2914,2139981.25759802
"55203",14812492.9328,-1918332.28425,2017692.86473956
"55270",14601670.3647664,-1267487.33567656,2699574.16552118
"55322",15897115.4237236,-1344192.81800537,2624234.97090896
"55411",14712492.9328,-1726507.8001,2227375.84718295
"55436",15211584.5470474,-1243988.48465684,2644036.33200765
"55487",15867785.7078008,-1188225.41529039,2768994.40884138
"55546",16211180.9602274,-2013709.61628237,2105531.87614277
"55576",14712492.9328,-1918332.28425,2041776.33441127
"55701",15112492.9328,-1918332.28425,1974281.18220229
"56079",14717009.9710966,-1369173.6962756,2574606.27126163
"56122",15012492.9328,-1629975.9613,2270347.11375285
"56232",16084715.4100307,-1576162.08841083,2457207.89910145
"56364",15880278.8121707,-1249158.66343658,2712493.93190679
"56451",14712492.9328,-1533058.3871,2415532.79624467
"56733",14790846.5905753,-1276147.69169112,2651863.69968976
"56986",15762329.0642857,-1386362.73802047,2553026.78268712
"57037",14908611.3557241,-1349992.58997563,2560770.05962728
